<vertical vertical-id="magplus" article-id="magplus" article-part="" toc="false" include-in-issue-preview="false" sharing="false" sharing-url="" tower-follows-deck="1" tower-and-deck="0" mib-version="5" plugin-version="5.0" device="android_1280x800_149" overlay="false">
	<tower>
		<block id="" type="spacer" height="1280"/>
	</tower>
	<deck>
		<slide slide-id="slide-1" height="1280" background-color="255white" background-color-rgb="255,255,255">
			<block id="" margin-left="241" type="html" height="1277" width="1039" pinning-edge="left" pin-to="outer-left" vpinning-edge="top" vpin-to="outer-top">
				<html type="0" scales-page-to-fit="1" resize-on-rotate="1" left-margin="116" top-margin="0" right-margin="116" bottom-margin="1" src="magplus_419_html/game.html"/>
			</block>
		</slide>
	</deck>
</vertical>
